{"minval": -34004261.97269705, "maxval": 1289006600.4250073}